seq,uptime_ms,status_flags,legacy_sample,status
17916,1791770,0,,OK
17917,1791870,0,,OK
17918,1791970,0,,OK
17919,1792070,0,,OK
17920,1792170,0,,OK
17921,1792270,0,,OK
17922,1792370,0,,OK
17923,1792470,0,,OK
17924,1792570,0,,OK
17925,1792670,0,,OK
17926,1792770,0,,OK
17927,1792870,0,,OK
17928,1792970,0,,OK
17929,1793070,0,,OK
17930,1793170,0,,OK
17931,1793270,0,,OK
17932,1793370,0,,OK
17933,1793470,0,,OK
17934,1793570,0,,OK
17935,1793670,0,,OK
17936,1793770,0,,OK
17937,1793870,0,,OK
17938,1793970,0,,OK
17939,1794070,0,,OK
17940,1794170,0,,OK
17941,1794270,0,,OK
17942,1794370,0,,OK
17943,1794470,0,,OK
17944,1794570,0,,OK
17945,1794670,0,,OK
17946,1794770,0,,OK
17947,1794870,0,,OK
17948,1794970,0,,OK
17949,1795070,0,,OK
17950,1795170,0,,OK
17951,1795270,0,,OK
17952,1795370,0,,OK
17953,1795470,0,,OK
17954,1795570,0,,OK
17955,1795670,0,,OK
17956,1795770,0,,OK
17957,1795870,0,,OK
17958,1795970,0,,OK
17959,1796070,0,,OK
17960,1796170,0,,OK
17961,1796270,0,,OK
17962,1796370,0,,OK
17963,1796470,0,,OK
17964,1796570,0,,OK
17965,1796670,0,,OK
17966,1796770,0,,OK
17967,1796870,0,,OK
17968,1796970,0,,OK
17969,1797070,0,,OK
17970,1797170,0,,OK
17971,1797270,0,,OK
17972,1797370,0,,OK
17973,1797470,0,,OK
17974,1797570,0,,OK
17975,1797670,0,,OK
17976,1797770,0,,OK
17977,1797870,0,,OK
17978,1797970,0,,OK
17979,1798070,0,,OK
17980,1798170,0,,OK
17981,1798270,0,,OK
17982,1798370,0,,OK
17983,1798470,0,,OK
17984,1798570,0,,OK
17985,1798670,0,,OK
17986,1798770,0,,OK
17987,1798870,0,,OK
17988,1798970,0,,OK
17989,1799070,0,,OK
17990,1799170,0,,OK
17991,1799270,0,,OK
17992,1799370,0,,OK
17993,1799470,0,,OK
17994,1799570,0,,OK
17995,1799670,0,,OK
17996,1799770,0,,OK
17997,1799870,0,,OK
17998,1799970,0,,OK
17999,1800070,0,,OK
18000,1800170,0,,OK
18001,1800270,0,,OK
18002,1800370,0,,OK
18003,1800470,0,,OK
18004,1800570,0,,OK
18005,1800670,0,,OK
18006,1800770,0,,OK
18007,1800870,0,,OK
18008,1800970,0,,OK
18009,1801070,0,,OK
18010,1801170,0,,OK
18011,1801270,0,,OK
18012,1801370,0,,OK
18013,1801470,0,,OK
18014,1801570,0,,OK
18015,1801670,0,,OK
18016,1801770,0,,OK
18017,1801870,0,,OK
18018,1801970,0,,OK
18019,1802070,0,,OK
18020,1802170,0,,OK
18021,1802270,0,,OK
18022,1802370,0,,OK
18023,1802470,0,,OK
18024,1802570,0,,OK
18025,1802670,0,,OK
18026,1802770,0,,OK
18027,1802870,0,,OK
18028,1802970,0,,OK
18029,1803070,0,,OK
18030,1803170,0,,OK
18031,1803270,0,,OK
18032,1803370,0,,OK
18033,1803470,0,,OK
18034,1803570,0,,OK
18035,1803670,0,,OK
18036,1803770,0,,OK
18037,1803870,0,,OK
18038,1803970,0,,OK
18039,1804070,0,,OK
18040,1804170,0,,OK
18041,1804270,0,,OK
18042,1804370,0,,OK
18043,1804470,0,,OK
18044,1804570,0,,OK
18045,1804670,0,,OK
18046,1804770,0,,OK
18047,1804870,0,,OK
18048,1804970,0,,OK
18049,1805070,0,,OK
18050,1805170,0,,OK
18051,1805270,0,,OK
18052,1805370,0,,OK
18053,1805470,0,,OK
18054,1805570,0,,OK
18055,1805670,0,,OK
18056,1805770,0,,OK
18057,1805870,0,,OK
18058,1805970,0,,OK
18059,1806070,0,,OK
18060,1806170,0,,OK
18061,1806270,0,,OK
18062,1806370,0,,OK
18063,1806470,0,,OK
18064,1806570,0,,OK
18065,1806670,0,,OK
18066,1806770,0,,OK
18067,1806870,0,,OK
18068,1806970,0,,OK
18069,1807070,0,,OK
18070,1807170,0,,OK
18071,1807270,0,,OK
18072,1807370,0,,OK
18073,1807470,0,,OK
18074,1807570,0,,OK
18075,1807670,0,,OK
18076,1807770,0,,OK
18077,1807870,0,,OK
18078,1807970,0,,OK
18079,1808070,0,,OK
18080,1808170,0,,OK
18081,1808270,0,,OK
18082,1808370,0,,OK
18083,1808470,0,,OK
18084,1808570,0,,OK
18085,1808670,0,,OK
18086,1808770,0,,OK
18087,1808870,0,,OK
18088,1808970,0,,OK
18089,1809070,0,,OK
18090,1809170,0,,OK
18091,1809270,0,,OK
18092,1809370,0,,OK
18093,1809470,0,,OK
18094,1809570,0,,OK
18095,1809670,0,,OK
18096,1809770,0,,OK
18097,1809870,0,,OK
18098,1809970,0,,OK
18099,1810070,0,,OK
18100,1810170,0,,OK
18101,1810270,0,,OK
18102,1810370,0,,OK
18103,1810470,0,,OK
18104,1810570,0,,OK
18105,1810670,0,,OK
18106,1810770,0,,OK
18107,1810870,0,,OK
18108,1810970,0,,OK
18109,1811070,0,,OK
18110,1811170,0,,OK
18111,1811270,0,,OK
18112,1811370,0,,OK
18113,1811470,0,,OK
18114,1811570,0,,OK
18115,1811670,0,,OK
18116,1811770,0,,OK
18117,1811870,0,,OK
18118,1811970,0,,OK
18119,1812070,0,,OK
18120,1812170,0,,OK
18121,1812270,0,,OK
18122,1812370,0,,OK
18123,1812470,0,,OK
18124,1812570,0,,OK
18125,1812670,0,,OK
18126,1812770,0,,OK
18127,1812870,0,,OK
18128,1812970,0,,OK
18129,1813070,0,,OK
18130,1813170,0,,OK
18131,1813270,0,,OK
18132,1813370,0,,OK
18133,1813470,0,,OK
18134,1813570,0,,OK
18135,1813670,0,,OK
18136,1813770,0,,OK
18137,1813870,0,,OK
18138,1813970,0,,OK
18139,1814070,0,,OK
18140,1814170,0,,OK
18141,1814270,0,,OK
18142,1814370,0,,OK
18143,1814470,0,,OK
18144,1814570,0,,OK
18145,1814670,0,,OK
18146,1814770,0,,OK
18147,1814870,0,,OK
18148,1814970,0,,OK
18149,1815070,0,,OK
18150,1815170,0,,OK
18151,1815270,0,,OK
18152,1815370,0,,OK
18153,1815470,0,,OK
18154,1815570,0,,OK
18155,1815670,0,,OK
18156,1815770,0,,OK
18157,1815870,0,,OK
18158,1815970,0,,OK
18159,1816070,0,,OK
18160,1816170,0,,OK
18161,1816270,0,,OK
18162,1816370,0,,OK
18163,1816470,0,,OK
18164,1816570,0,,OK
18165,1816670,0,,OK
18166,1816770,0,,OK
18167,1816870,0,,OK
18168,1816970,0,,OK
18169,1817070,0,,OK
18170,1817170,0,,OK
18171,1817270,0,,OK
18172,1817370,0,,OK
18173,1817470,0,,OK
18174,1817570,0,,OK
18175,1817670,0,,OK
18176,1817770,0,,OK
18177,1817870,0,,OK
18178,1817970,0,,OK
18179,1818070,0,,OK
18180,1818170,0,,OK
18181,1818270,0,,OK
18182,1818370,0,,OK
18183,1818470,0,,OK
18184,1818570,0,,OK
18185,1818670,0,,OK
18186,1818770,0,,OK
18187,1818870,0,,OK
18188,1818970,0,,OK
18189,1819070,0,,OK
18190,1819170,0,,OK
18191,1819270,0,,OK
18192,1819370,0,,OK
18193,1819470,0,,OK
18194,1819570,0,,OK
18195,1819670,0,,OK
18196,1819770,0,,OK
18197,1819870,0,,OK
18198,1819970,0,,OK
18199,1820070,0,,OK
18200,1820170,0,,OK
18201,1820270,0,,OK
18202,1820370,0,,OK
18203,1820470,0,,OK
18204,1820570,0,,OK
18205,1820670,0,,OK
18206,1820770,0,,OK
18207,1820870,0,,OK
18208,1820970,0,,OK
18209,1821070,0,,OK
18210,1821170,0,,OK
18211,1821270,0,,OK
18212,1821370,0,,OK
18213,1821470,0,,OK
18214,1821570,0,,OK
18215,1821670,0,,OK
18216,1821770,0,,OK
18217,1821870,0,,OK
18218,1821970,0,,OK
18219,1822070,0,,OK
18220,1822170,0,,OK
18221,1822270,0,,OK
18222,1822370,0,,OK
18223,1822470,0,,OK
18224,1822570,0,,OK
18225,1822670,0,,OK
18226,1822770,0,,OK
18227,1822870,0,,OK
18228,1822970,0,,OK
18229,1823070,0,,OK
18230,1823170,0,,OK
18231,1823270,0,,OK
18232,1823370,0,,OK
18233,1823470,0,,OK
18234,1823570,0,,OK
18235,1823670,0,,OK
18236,1823770,0,,OK
18237,1823870,0,,OK
18238,1823970,0,,OK
18239,1824070,0,,OK
18240,1824170,0,,OK
18241,1824270,0,,OK
18242,1824370,0,,OK
18243,1824470,0,,OK
18244,1824570,0,,OK
18245,1824670,0,,OK
18246,1824770,0,,OK
18247,1824870,0,,OK
18248,1824970,0,,OK
18249,1825070,0,,OK
18250,1825170,0,,OK
18251,1825270,0,,OK
18252,1825370,0,,OK
18253,1825470,0,,OK
18254,1825570,0,,OK
18255,1825670,0,,OK
18256,1825770,0,,OK
18257,1825871,0,,OK
18258,1825971,0,,OK
18259,1826071,0,,OK
18260,1826171,0,,OK
18261,1826271,0,,OK
18262,1826371,0,,OK
18263,1826471,0,,OK
18264,1826571,0,,OK
18265,1826671,0,,OK
18266,1826771,0,,OK
18267,1826871,0,,OK
18268,1826971,0,,OK
18269,1827071,0,,OK
18270,1827171,0,,OK
18271,1827271,0,,OK
18272,1827371,0,,OK
18273,1827471,0,,OK
18274,1827571,0,,OK
18275,1827671,0,,OK
18276,1827771,0,,OK
18277,1827871,0,,OK
18278,1827971,0,,OK
18279,1828071,0,,OK
18280,1828171,0,,OK
18281,1828271,0,,OK
18282,1828371,0,,OK
18283,1828471,0,,OK
18284,1828571,0,,OK
18285,1828671,0,,OK
18286,1828771,0,,OK
18287,1828871,0,,OK
18288,1828971,0,,OK
18289,1829071,0,,OK
18290,1829171,0,,OK
18291,1829271,0,,OK
18292,1829371,0,,OK
18293,1829471,0,,OK
18294,1829571,0,,OK
18295,1829671,0,,OK
18296,1829771,0,,OK
18297,1829871,0,,OK
18298,1829971,0,,OK
18299,1830071,0,,OK
18300,1830171,0,,OK
18301,1830271,0,,OK
18302,1830371,0,,OK
18303,1830471,0,,OK
18304,1830571,0,,OK
18305,1830671,0,,OK
18306,1830771,0,,OK
18307,1830871,0,,OK
18308,1830971,0,,OK
18309,1831071,0,,OK
18310,1831171,0,,OK
18311,1831271,0,,OK
18312,1831371,0,,OK
18313,1831471,0,,OK
18314,1831571,0,,OK
18315,1831671,0,,OK
18316,1831771,0,,OK
18317,1831871,0,,OK
18318,1831971,0,,OK
18319,1832071,0,,OK
18320,1832171,0,,OK
18321,1832271,0,,OK
18322,1832371,0,,OK
18323,1832471,0,,OK
18324,1832571,0,,OK
18325,1832671,0,,OK
18326,1832771,0,,OK
18327,1832871,0,,OK
18328,1832971,0,,OK
18329,1833071,0,,OK
18330,1833171,0,,OK
18331,1833271,0,,OK
18332,1833371,0,,OK
18333,1833471,0,,OK
18334,1833571,0,,OK
18335,1833671,0,,OK
18336,1833771,0,,OK
18337,1833871,0,,OK
18338,1833971,0,,OK
18339,1834071,0,,OK
18340,1834171,0,,OK
18341,1834271,0,,OK
18342,1834371,0,,OK
18343,1834471,0,,OK
18344,1834571,0,,OK
18345,1834671,0,,OK
18346,1834771,0,,OK
18347,1834871,0,,OK
18348,1834971,0,,OK
18349,1835071,0,,OK
18350,1835171,0,,OK
18351,1835271,0,,OK
18352,1835371,0,,OK
18353,1835471,0,,OK
18354,1835571,0,,OK
18355,1835671,0,,OK
18356,1835771,0,,OK
18357,1835871,0,,OK
18358,1835971,0,,OK
18359,1836071,0,,OK
18360,1836171,0,,OK
18361,1836271,0,,OK
18362,1836371,0,,OK
18363,1836471,0,,OK
18364,1836571,0,,OK
18365,1836671,0,,OK
18366,1836771,0,,OK
18367,1836871,0,,OK
18368,1836971,0,,OK
18369,1837071,0,,OK
18370,1837171,0,,OK
18371,1837271,0,,OK
18372,1837371,0,,OK
18373,1837471,0,,OK
18374,1837571,0,,OK
18375,1837671,0,,OK
18376,1837771,0,,OK
18377,1837871,0,,OK
18378,1837971,0,,OK
18379,1838071,0,,OK
18380,1838171,0,,OK
18381,1838271,0,,OK
18382,1838371,0,,OK
18383,1838471,0,,OK
18384,1838571,0,,OK
18385,1838671,0,,OK
18386,1838771,0,,OK
18387,1838871,0,,OK
18388,1838971,0,,OK
18389,1839071,0,,OK
18390,1839171,0,,OK
18391,1839271,0,,OK
18392,1839371,0,,OK
18393,1839471,0,,OK
18394,1839571,0,,OK
18395,1839671,0,,OK
18396,1839771,0,,OK
18397,1839871,0,,OK
18398,1839971,0,,OK
18399,1840071,0,,OK
18400,1840171,0,,OK
18401,1840271,0,,OK
18402,1840371,0,,OK
18403,1840471,0,,OK
18404,1840571,0,,OK
18405,1840671,0,,OK
18406,1840771,0,,OK
18407,1840871,0,,OK
18408,1840971,0,,OK
18409,1841071,0,,OK
18410,1841171,0,,OK
18411,1841271,0,,OK
18412,1841371,0,,OK
18413,1841471,0,,OK
18414,1841571,0,,OK
18415,1841671,0,,OK
18416,1841771,0,,OK
18417,1841871,0,,OK
18418,1841971,0,,OK
18419,1842071,0,,OK
18420,1842171,0,,OK
18421,1842271,0,,OK
18422,1842371,0,,OK
18423,1842471,0,,OK
18424,1842571,0,,OK
18425,1842671,0,,OK
18426,1842771,0,,OK
18427,1842871,0,,OK
18428,1842971,0,,OK
18429,1843071,0,,OK
18430,1843171,0,,OK
18431,1843271,0,,OK
18432,1843371,0,,OK
18433,1843471,0,,OK
18434,1843571,0,,OK
18435,1843671,0,,OK
18436,1843771,0,,OK
18437,1843871,0,,OK
18438,1843971,0,,OK
18439,1844071,0,,OK
18440,1844171,0,,OK
18441,1844271,0,,OK
18442,1844371,0,,OK
18443,1844471,0,,OK
18444,1844571,0,,OK
18445,1844671,0,,OK
18446,1844771,0,,OK
18447,1844871,0,,OK
18448,1844971,0,,OK
18449,1845071,0,,OK
18450,1845171,0,,OK
18451,1845271,0,,OK
18452,1845371,0,,OK
18453,1845471,0,,OK
18454,1845571,0,,OK
18455,1845671,0,,OK
18456,1845771,0,,OK
18457,1845871,0,,OK
18458,1845971,0,,OK
18459,1846071,0,,OK
18460,1846171,0,,OK
18461,1846271,0,,OK
18462,1846371,0,,OK
18463,1846471,0,,OK
18464,1846571,0,,OK
18465,1846671,0,,OK
18466,1846771,0,,OK
18467,1846871,0,,OK
18468,1846971,0,,OK
18469,1847071,0,,OK
18470,1847171,0,,OK
18471,1847271,0,,OK
18472,1847371,0,,OK
18473,1847471,0,,OK
18474,1847571,0,,OK
18475,1847671,0,,OK
18476,1847771,0,,OK
18477,1847871,0,,OK
18478,1847971,0,,OK
18479,1848071,0,,OK
18480,1848171,0,,OK
18481,1848271,0,,OK
18482,1848371,0,,OK
18483,1848471,0,,OK
18484,1848571,0,,OK
18485,1848671,0,,OK
18486,1848771,0,,OK
18487,1848871,0,,OK
18488,1848971,0,,OK
18489,1849071,0,,OK
18490,1849171,0,,OK
18491,1849271,0,,OK
18492,1849371,0,,OK
18493,1849471,0,,OK
18494,1849571,0,,OK
18495,1849671,0,,OK
18496,1849771,0,,OK
18497,1849871,0,,OK
18498,1849971,0,,OK
18499,1850071,0,,OK
18500,1850171,0,,OK
18501,1850271,0,,OK
18502,1850371,0,,OK
18503,1850471,0,,OK
18504,1850571,0,,OK
18505,1850671,0,,OK
18506,1850771,0,,OK
18507,1850871,0,,OK
18508,1850971,0,,OK
18509,1851071,0,,OK
18510,1851171,0,,OK
18511,1851271,0,,OK
18512,1851371,0,,OK
18513,1851471,0,,OK
18514,1851571,0,,OK
18515,1851671,0,,OK
18516,1851771,0,,OK
18517,1851871,0,,OK
18518,1851971,0,,OK
18519,1852071,0,,OK
18520,1852171,0,,OK
18521,1852271,0,,OK
18522,1852371,0,,OK
18523,1852471,0,,OK
18524,1852571,0,,OK
18525,1852671,0,,OK
18526,1852771,0,,OK
18527,1852871,0,,OK
18528,1852971,0,,OK
18529,1853071,0,,OK
18530,1853171,0,,OK
18531,1853271,0,,OK
18532,1853371,0,,OK
18533,1853471,0,,OK
18534,1853571,0,,OK
18535,1853671,0,,OK
18536,1853771,0,,OK
18537,1853871,0,,OK
18538,1853971,0,,OK
18539,1854071,0,,OK
18540,1854171,0,,OK
18541,1854271,0,,OK
18542,1854371,0,,OK
18543,1854471,0,,OK
18544,1854571,0,,OK
18545,1854671,0,,OK
18546,1854771,0,,OK
18547,1854871,0,,OK
18548,1854971,0,,OK
18549,1855071,0,,OK
18550,1855171,0,,OK
18551,1855271,0,,OK
18552,1855371,0,,OK
18553,1855471,0,,OK
18554,1855571,0,,OK
18555,1855671,0,,OK
18556,1855771,0,,OK
18557,1855871,0,,OK
18558,1855971,0,,OK
18559,1856071,0,,OK
18560,1856171,0,,OK
18561,1856271,0,,OK
18562,1856371,0,,OK
18563,1856471,0,,OK
18564,1856571,0,,OK
18565,1856671,0,,OK
18566,1856771,0,,OK
18567,1856871,0,,OK
18568,1856971,0,,OK
18569,1857071,0,,OK
18570,1857171,0,,OK
18571,1857271,0,,OK
18572,1857371,0,,OK
18573,1857471,0,,OK
18574,1857571,0,,OK
18575,1857671,0,,OK
18576,1857771,0,,OK
18577,1857871,0,,OK
18578,1857971,0,,OK
18579,1858071,0,,OK
18580,1858171,0,,OK
18581,1858271,0,,OK
18582,1858371,0,,OK
18583,1858471,0,,OK
18584,1858571,0,,OK
18585,1858671,0,,OK
18586,1858771,0,,OK
18587,1858871,0,,OK
18588,1858971,0,,OK
18589,1859071,0,,OK
18590,1859171,0,,OK
18591,1859271,0,,OK
18592,1859371,0,,OK
18593,1859471,0,,OK
18594,1859571,0,,OK
18595,1859671,0,,OK
18596,1859771,0,,OK
18597,1859871,0,,OK
18598,1859971,0,,OK
18599,1860071,0,,OK
18600,1860171,0,,OK
18601,1860271,0,,OK
18602,1860371,0,,OK
18603,1860471,0,,OK
18604,1860571,0,,OK
18605,1860671,0,,OK
18606,1860771,0,,OK
18607,1860871,0,,OK
18608,1860971,0,,OK
18609,1861071,0,,OK
18610,1861171,0,,OK
18611,1861271,0,,OK
18612,1861371,0,,OK
18613,1861471,0,,OK
18614,1861571,0,,OK
18615,1861671,0,,OK
18616,1861771,0,,OK
18617,1861871,0,,OK
18618,1861971,0,,OK
18619,1862071,0,,OK
18620,1862171,0,,OK
18621,1862271,0,,OK
18622,1862371,0,,OK
18623,1862471,0,,OK
18624,1862571,0,,OK
18625,1862671,0,,OK
18626,1862771,0,,OK
18627,1862871,0,,OK
18628,1862971,0,,OK
18629,1863071,0,,OK
18630,1863171,0,,OK
18631,1863271,0,,OK
18632,1863371,0,,OK
18633,1863471,0,,OK
18634,1863571,0,,OK
18635,1863671,0,,OK
18636,1863771,0,,OK
18637,1863871,0,,OK
18638,1863971,0,,OK
18639,1864071,0,,OK
18640,1864171,0,,OK
18641,1864271,0,,OK
18642,1864371,0,,OK
18643,1864471,0,,OK
18644,1864571,0,,OK
18645,1864671,0,,OK
18646,1864771,0,,OK
18647,1864871,0,,OK
18648,1864971,0,,OK
18649,1865071,0,,OK
18650,1865171,0,,OK
18651,1865271,0,,OK
18652,1865371,0,,OK
18653,1865471,0,,OK
18654,1865571,0,,OK
18655,1865671,0,,OK
18656,1865771,0,,OK
18657,1865871,0,,OK
18658,1865971,0,,OK
18659,1866071,0,,OK
18660,1866171,0,,OK
18661,1866271,0,,OK
18662,1866371,0,,OK
18663,1866471,0,,OK
18664,1866571,0,,OK
18665,1866671,0,,OK
18666,1866771,0,,OK
18667,1866871,0,,OK
18668,1866971,0,,OK
18669,1867071,0,,OK
18670,1867171,0,,OK
18671,1867271,0,,OK
18672,1867371,0,,OK
18673,1867471,0,,OK
18674,1867571,0,,OK
18675,1867671,0,,OK
18676,1867771,0,,OK
18677,1867871,0,,OK
18678,1867971,0,,OK
18679,1868071,0,,OK
18680,1868171,0,,OK
18681,1868271,0,,OK
18682,1868371,0,,OK
18683,1868471,0,,OK
18684,1868571,0,,OK
18685,1868671,0,,OK
18686,1868771,0,,OK
18687,1868871,0,,OK
18688,1868971,0,,OK
18689,1869071,0,,OK
18690,1869171,0,,OK
18691,1869271,0,,OK
18692,1869371,0,,OK
18693,1869471,0,,OK
18694,1869571,0,,OK
18695,1869671,0,,OK
18696,1869771,0,,OK
18697,1869871,0,,OK
18698,1869971,0,,OK
18699,1870071,0,,OK
18700,1870171,0,,OK
18701,1870271,0,,OK
18702,1870371,0,,OK
18703,1870471,0,,OK
18704,1870571,0,,OK
18705,1870671,0,,OK
18706,1870771,0,,OK
18707,1870871,0,,OK
18708,1870971,0,,OK
18709,1871071,0,,OK
18710,1871171,0,,OK
18711,1871271,0,,OK
18712,1871371,0,,OK
18713,1871471,0,,OK
18714,1871571,0,,OK
18715,1871671,0,,OK
18716,1871771,0,,OK
18717,1871871,0,,OK
18718,1871971,0,,OK
18719,1872071,0,,OK
18720,1872171,0,,OK
18721,1872271,0,,OK
18722,1872371,0,,OK
18723,1872471,0,,OK
18724,1872571,0,,OK
18725,1872671,0,,OK
18726,1872771,0,,OK
18727,1872871,0,,OK
18728,1872971,0,,OK
18729,1873071,0,,OK
18730,1873171,0,,OK
18731,1873271,0,,OK
18732,1873371,0,,OK
18733,1873471,0,,OK
18734,1873571,0,,OK
18735,1873671,0,,OK
18736,1873771,0,,OK
18737,1873871,0,,OK
18738,1873971,0,,OK
18739,1874071,0,,OK
18740,1874171,0,,OK
18741,1874271,0,,OK
18742,1874371,0,,OK
18743,1874471,0,,OK
18744,1874571,0,,OK
18745,1874671,0,,OK
18746,1874771,0,,OK
18747,1874871,0,,OK
18748,1874971,0,,OK
18749,1875071,0,,OK
18750,1875171,0,,OK
18751,1875271,0,,OK
18752,1875371,0,,OK
18753,1875471,0,,OK
18754,1875571,0,,OK
18755,1875671,0,,OK
18756,1875771,0,,OK
18757,1875871,0,,OK
18758,1875971,0,,OK
18759,1876071,0,,OK
18760,1876171,0,,OK
18761,1876271,0,,OK
18762,1876371,0,,OK
18763,1876471,0,,OK
18764,1876571,0,,OK
18765,1876671,0,,OK
18766,1876771,0,,OK
18767,1876871,0,,OK
18768,1876971,0,,OK
18769,1877071,0,,OK
18770,1877171,0,,OK
18771,1877271,0,,OK
18772,1877371,0,,OK
18773,1877471,0,,OK
18774,1877571,0,,OK
18775,1877671,0,,OK
18776,1877771,0,,OK
18777,1877871,0,,OK
18778,1877971,0,,OK
18779,1878071,0,,OK
18780,1878171,0,,OK
18781,1878271,0,,OK
18782,1878371,0,,OK
18783,1878471,0,,OK
18784,1878571,0,,OK
18785,1878671,0,,OK
18786,1878771,0,,OK
18787,1878871,0,,OK
18788,1878971,0,,OK
18789,1879071,0,,OK
18790,1879171,0,,OK
18791,1879271,0,,OK
18792,1879371,0,,OK
18793,1879471,0,,OK
18794,1879571,0,,OK
18795,1879671,0,,OK
18796,1879771,0,,OK
18797,1879871,0,,OK
18798,1879971,0,,OK
18799,1880071,0,,OK
18800,1880171,0,,OK
18801,1880271,0,,OK
18802,1880371,0,,OK
18803,1880471,0,,OK
18804,1880571,0,,OK
18805,1880671,0,,OK
18806,1880771,0,,OK
18807,1880871,0,,OK
18808,1880971,0,,OK
18809,1881071,0,,OK
18810,1881171,0,,OK
18811,1881271,0,,OK
18812,1881371,0,,OK
18813,1881471,0,,OK
18814,1881571,0,,OK
18815,1881671,0,,OK
18816,1881771,0,,OK
18817,1881871,0,,OK
18818,1881971,0,,OK
18819,1882071,0,,OK
18820,1882171,0,,OK
18821,1882271,0,,OK
18822,1882371,0,,OK
18823,1882471,0,,OK
18824,1882571,0,,OK
18825,1882671,0,,OK
18826,1882771,0,,OK
18827,1882871,0,,OK
18828,1882971,0,,OK
18829,1883071,0,,OK
18830,1883171,0,,OK
18831,1883271,0,,OK
18832,1883371,0,,OK
18833,1883471,0,,OK
18834,1883571,0,,OK
18835,1883671,0,,OK
18836,1883771,0,,OK
18837,1883871,0,,OK
18838,1883971,0,,OK
18839,1884071,0,,OK
18840,1884171,0,,OK
18841,1884271,0,,OK
18842,1884371,0,,OK
18843,1884471,0,,OK
18844,1884571,0,,OK
18845,1884671,0,,OK
18846,1884771,0,,OK
18847,1884871,0,,OK
18848,1884971,0,,OK
18849,1885071,0,,OK
18850,1885171,0,,OK
18851,1885271,0,,OK
18852,1885371,0,,OK
18853,1885471,0,,OK
18854,1885571,0,,OK
18855,1885671,0,,OK
18856,1885771,0,,OK
18857,1885871,0,,OK
18858,1885971,0,,OK
18859,1886071,0,,OK
18860,1886171,0,,OK
18861,1886271,0,,OK
18862,1886371,0,,OK
18863,1886471,0,,OK
18864,1886571,0,,OK
18865,1886671,0,,OK
18866,1886771,0,,OK
18867,1886871,0,,OK
18868,1886971,0,,OK
18869,1887071,0,,OK
18870,1887171,0,,OK
18871,1887271,0,,OK
18872,1887371,0,,OK
18873,1887471,0,,OK
18874,1887571,0,,OK
18875,1887671,0,,OK
18876,1887771,0,,OK
18877,1887871,0,,OK
18878,1887971,0,,OK
18879,1888071,0,,OK
18880,1888171,0,,OK
18881,1888271,0,,OK
18882,1888371,0,,OK
18883,1888471,0,,OK
18884,1888571,0,,OK
18885,1888671,0,,OK
18886,1888771,0,,OK
18887,1888871,0,,OK
18888,1888971,0,,OK
18889,1889071,0,,OK
18890,1889171,0,,OK
18891,1889271,0,,OK
18892,1889371,0,,OK
18893,1889471,0,,OK
18894,1889571,0,,OK
18895,1889671,0,,OK
18896,1889771,0,,OK
18897,1889871,0,,OK
18898,1889971,0,,OK
18899,1890071,0,,OK
18900,1890171,0,,OK
18901,1890271,0,,OK
18902,1890371,0,,OK
18903,1890471,0,,OK
18904,1890571,0,,OK
18905,1890671,0,,OK
18906,1890771,0,,OK
18907,1890871,0,,OK
18908,1890971,0,,OK
18909,1891071,0,,OK
18910,1891171,0,,OK
18911,1891271,0,,OK
18912,1891371,0,,OK
18913,1891471,0,,OK
18914,1891571,0,,OK
18915,1891671,0,,OK
